"No.","Time","Source","Destination","Protocol","Length","Info"
"1","0.000000","38.99.7.104","192.168.1.34","TLSv1.2","78","Application Data"
"2","0.000730","38.99.7.104","192.168.1.34","TCP","60","443  >  50095 [FIN, ACK] Seq=25 Ack=1 Win=501 Len=0"
"3","0.002101","38.99.7.104","192.168.1.34","TLSv1.2","78","Application Data"
"4","0.002101","38.99.7.104","192.168.1.34","TCP","60","443  >  50093 [FIN, ACK] Seq=25 Ack=1 Win=501 Len=0"
"5","0.047032","192.168.1.34","38.99.7.104","TCP","54","50095  >  443 [ACK] Seq=1 Ack=26 Win=1026 Len=0"
"6","0.047056","192.168.1.34","38.99.7.104","TCP","54","50093  >  443 [ACK] Seq=1 Ack=26 Win=1026 Len=0"
"7","0.047062","192.168.1.34","142.250.180.174","UDP","468","49567  >  443 Len=426"
"8","0.061791","142.250.180.174","192.168.1.34","UDP","74","443  >  49567 Len=32"
"9","0.062663","142.250.180.174","192.168.1.34","UDP","1287","443  >  49567 Len=1245"
"10","0.062663","142.250.180.174","192.168.1.34","UDP","1292","443  >  49567 Len=1250"
"11","0.064379","142.250.180.174","192.168.1.34","UDP","1292","443  >  49567 Len=1250"
"12","0.064379","142.250.180.174","192.168.1.34","UDP","1292","443  >  49567 Len=1250"
"13","0.065972","142.250.180.174","192.168.1.34","UDP","1223","443  >  49567 Len=1181"
"14","0.077053","192.168.1.34","142.250.180.174","UDP","76","49567  >  443 Len=34"
"15","0.107049","192.168.1.34","142.250.180.174","UDP","82","49567  >  443 Len=40"
"16","0.107078","192.168.1.34","142.250.180.174","UDP","76","49567  >  443 Len=34"
"17","0.125782","142.250.180.174","192.168.1.34","UDP","68","443  >  49567 Len=26"
"18","0.250222","192.168.1.34","192.168.1.231","TCP","164","49927  >  8009 [PSH, ACK] Seq=1 Ack=1 Win=1023 Len=110 [TCP segment of a reassembled PDU]"
"19","0.254186","192.168.1.231","192.168.1.34","TCP","164","8009  >  49927 [PSH, ACK] Seq=1 Ack=111 Win=312 Len=110 [TCP segment of a reassembled PDU]"
"20","0.296188","192.168.1.34","192.168.1.231","TCP","54","49927  >  8009 [ACK] Seq=111 Ack=111 Win=1023 Len=0"
"21","0.391046","192.168.1.34","142.250.180.174","UDP","76","49567  >  443 Len=34"
"22","0.415502","142.250.180.174","192.168.1.34","UDP","68","443  >  49567 Len=26"
"23","0.658055","192.168.1.34","142.250.180.174","UDP","76","49567  >  443 Len=34"
"24","0.691004","142.250.180.174","192.168.1.34","UDP","68","443  >  49567 Len=26"
"25","0.958053","192.168.1.34","142.250.180.174","UDP","76","49567  >  443 Len=34"
"26","0.979017","142.250.180.174","192.168.1.34","UDP","68","443  >  49567 Len=26"
"27","1.177162","192.168.1.34","202.39.224.7","ICMP","58","Echo (ping) request  id=0x0001, seq=57081/63966, ttl=255 (no response found!)"
"28","1.240082","192.168.1.34","142.250.180.174","UDP","76","49567  >  443 Len=34"
"29","1.262778","142.250.180.174","192.168.1.34","UDP","68","443  >  49567 Len=26"
"30","1.413127","192.168.1.34","142.250.180.142","UDP","1288","58935  >  443 Len=1246"
"31","1.413165","192.168.1.34","142.250.180.142","UDP","325","58935  >  443 Len=283"
"32","1.428793","142.250.180.142","192.168.1.34","UDP","69","443  >  58935 Len=27"
"33","1.454346","142.250.180.142","192.168.1.34","UDP","67","443  >  58935 Len=25"
"34","1.463997","142.250.180.142","192.168.1.34","UDP","430","443  >  58935 Len=388"
"35","1.464609","142.250.180.142","192.168.1.34","UDP","76","443  >  58935 Len=34"
"36","1.464609","142.250.180.142","192.168.1.34","UDP","235","443  >  58935 Len=193"
"37","1.490103","192.168.1.34","142.250.180.142","UDP","75","58935  >  443 Len=33"
"38","1.490124","192.168.1.34","142.250.180.142","UDP","77","58935  >  443 Len=35"
"39","1.490130","192.168.1.34","142.250.180.142","UDP","75","58935  >  443 Len=33"
"40","1.490134","192.168.1.34","142.250.180.174","UDP","76","49567  >  443 Len=34"
"41","1.514197","142.250.180.174","192.168.1.34","UDP","68","443  >  49567 Len=26"
"42","1.534405","142.250.180.142","192.168.1.34","UDP","67","443  >  58935 Len=25"
"43","1.776219","192.168.1.34","142.250.180.174","UDP","76","49567  >  443 Len=34"
"44","1.796974","142.250.180.174","192.168.1.34","UDP","68","443  >  49567 Len=26"
"45","2.243958","192.168.1.34","142.250.180.174","UDP","76","49567  >  443 Len=34"
"46","2.264831","142.250.180.174","192.168.1.34","UDP","68","443  >  49567 Len=26"
"47","2.366972","192.168.1.34","192.168.1.231","TCP","164","49733  >  8009 [PSH, ACK] Seq=1 Ack=1 Win=1023 Len=110 [TCP segment of a reassembled PDU]"
"48","2.367087","192.168.1.34","192.168.1.212","TCP","164","49732  >  8009 [PSH, ACK] Seq=1 Ack=1 Win=1022 Len=110 [TCP segment of a reassembled PDU]"
"49","2.380645","192.168.1.231","192.168.1.34","TCP","164","8009  >  49733 [PSH, ACK] Seq=1 Ack=111 Win=296 Len=110 [TCP segment of a reassembled PDU]"
"50","2.384145","192.168.1.212","192.168.1.34","TCP","164","8009  >  49732 [PSH, ACK] Seq=1 Ack=111 Win=296 Len=110 [TCP segment of a reassembled PDU]"
"51","2.427423","192.168.1.34","192.168.1.231","TCP","54","49733  >  8009 [ACK] Seq=111 Ack=111 Win=1023 Len=0"
"52","2.427452","192.168.1.34","192.168.1.212","TCP","54","49732  >  8009 [ACK] Seq=111 Ack=111 Win=1021 Len=0"
"53","2.986317","192.168.1.34","35.186.224.47","TLSv1.2","89","Application Data"
"54","3.005152","35.186.224.47","192.168.1.34","TCP","60","443  >  49942 [ACK] Seq=1 Ack=36 Win=266 Len=0"
"55","3.015935","35.186.224.47","192.168.1.34","TLSv1.2","85","Application Data"
"56","3.016927","192.168.1.34","140.82.121.3","TCP","55","50066  >  443 [ACK] Seq=1 Ack=1 Win=1026 Len=1 [TCP segment of a reassembled PDU]"
"57","3.038091","140.82.121.3","192.168.1.34","TCP","66","443  >  50066 [ACK] Seq=1 Ack=2 Win=129 Len=0 SLE=1 SRE=2"
"58","3.094576","192.168.1.34","35.186.224.47","TCP","54","49942  >  443 [ACK] Seq=36 Ack=32 Win=1024 Len=0"
"59","3.109630","192.168.1.34","142.250.180.174","UDP","76","49567  >  443 Len=34"
"60","3.128746","142.250.180.174","192.168.1.34","UDP","68","443  >  49567 Len=26"
"61","3.162175","192.0.77.32","192.168.1.34","TLSv1.2","93","Application Data"
"62","3.162175","192.0.77.32","192.168.1.34","TLSv1.2","78","Application Data"
"63","3.163712","192.0.77.32","192.168.1.34","TCP","60","443  >  50057 [FIN, ACK] Seq=64 Ack=1 Win=64 Len=0"
"64","3.188530","192.168.1.34","192.0.77.32","TCP","54","50057  >  443 [ACK] Seq=1 Ack=64 Win=1025 Len=0"
"65","3.188567","192.168.1.34","192.0.77.32","TCP","54","50057  >  443 [ACK] Seq=1 Ack=65 Win=1025 Len=0"
"66","3.188571","192.168.1.34","192.0.77.32","TCP","54","50057  >  443 [FIN, ACK] Seq=1 Ack=65 Win=1025 Len=0"
"67","3.202044","192.0.77.32","192.168.1.34","TCP","60","443  >  50057 [ACK] Seq=65 Ack=2 Win=64 Len=0"
"68","3.848662","192.168.1.34","140.82.121.6","TCP","55","50070  >  443 [ACK] Seq=1 Ack=1 Win=1022 Len=1 [TCP segment of a reassembled PDU]"
"69","3.872548","140.82.121.6","192.168.1.34","TCP","66","443  >  50070 [ACK] Seq=1 Ack=2 Win=143 Len=0 SLE=1 SRE=2"
"70","4.135364","192.0.78.13","192.168.1.34","TLSv1.2","93","Application Data"
"71","4.135364","192.0.78.13","192.168.1.34","TLSv1.2","78","Application Data"
"72","4.137565","192.0.78.13","192.168.1.34","TCP","60","443  >  50056 [FIN, ACK] Seq=64 Ack=1 Win=68 Len=0"
"73","4.159414","192.168.1.34","202.39.224.7","ICMP","58","Echo (ping) request  id=0x0001, seq=57082/64222, ttl=255 (no response found!)"
"74","4.174085","192.168.1.34","192.0.78.13","TCP","54","50056  >  443 [ACK] Seq=1 Ack=64 Win=1026 Len=0"
"75","4.174108","192.168.1.34","192.0.78.13","TCP","54","50056  >  443 [ACK] Seq=1 Ack=65 Win=1026 Len=0"
"76","4.174113","192.168.1.34","192.0.78.13","TCP","54","50056  >  443 [FIN, ACK] Seq=1 Ack=65 Win=1026 Len=0"
"77","4.187411","192.0.78.13","192.168.1.34","TCP","60","443  >  50056 [ACK] Seq=65 Ack=2 Win=68 Len=0"
"78","4.764197","192.168.1.34","192.168.1.212","TCP","164","49926  >  8009 [PSH, ACK] Seq=1 Ack=1 Win=1023 Len=110 [TCP segment of a reassembled PDU]"
"79","4.773635","192.168.1.212","192.168.1.34","TCP","164","8009  >  49926 [PSH, ACK] Seq=1 Ack=111 Win=312 Len=110 [TCP segment of a reassembled PDU]"
"80","4.778559","192.168.1.34","142.250.180.174","UDP","76","49567  >  443 Len=34"
"81","4.798471","142.250.180.174","192.168.1.34","UDP","68","443  >  49567 Len=26"
"82","4.824841","192.168.1.34","192.168.1.212","TCP","54","49926  >  8009 [ACK] Seq=111 Ack=111 Win=1023 Len=0"
"83","5.255205","192.168.1.34","192.168.1.231","TCP","164","49927  >  8009 [PSH, ACK] Seq=111 Ack=111 Win=1023 Len=110 [TCP segment of a reassembled PDU]"
"84","5.261319","192.168.1.231","192.168.1.34","TCP","164","8009  >  49927 [PSH, ACK] Seq=111 Ack=221 Win=312 Len=110 [TCP segment of a reassembled PDU]"
"85","5.310570","192.168.1.34","192.168.1.231","TCP","54","49927  >  8009 [ACK] Seq=221 Ack=221 Win=1023 Len=0"
"86","5.450360","192.168.1.34","239.255.255.250","SSDP","217","M-SEARCH * HTTP/1.1 "
"87","5.457104","192.168.1.231","192.168.1.34","UDP","561","47550  >  50983 Len=519"
"88","5.458741","192.168.1.212","192.168.1.34","UDP","562","49473  >  50983 Len=520"
"89","5.825492","192.168.1.34","8.8.8.8","QUIC","1292","Initial, DCID=806d0f456dccd318, PKN: 1, PADDING, CRYPTO, PING, CRYPTO, PADDING, CRYPTO, PING, PADDING"
"90","5.825519","192.168.1.34","8.8.8.8","QUIC","116","0-RTT, DCID=806d0f456dccd318"
"91","5.825525","192.168.1.34","8.8.8.8","QUIC","287","0-RTT, DCID=806d0f456dccd318"
"92","5.825531","192.168.1.34","8.8.8.8","QUIC","255","0-RTT, DCID=806d0f456dccd318"
"93","5.862307","8.8.8.8","192.168.1.34","QUIC","1292","Protected Payload (KP0)"
"94","5.863232","8.8.8.8","192.168.1.34","QUIC","821","Protected Payload (KP0)"
"95","5.863232","8.8.8.8","192.168.1.34","QUIC","112","Protected Payload (KP0)"
"96","5.863232","8.8.8.8","192.168.1.34","QUIC","67","Protected Payload (KP0)"
"97","5.863232","8.8.8.8","192.168.1.34","QUIC","67","Protected Payload (KP0)"
"98","5.863232","8.8.8.8","192.168.1.34","QUIC","835","Protected Payload (KP0)"
"99","5.863232","8.8.8.8","192.168.1.34","QUIC","572","Protected Payload (KP0)"
"100","5.863232","8.8.8.8","192.168.1.34","QUIC","68","Protected Payload (KP0)"
"101","5.863232","8.8.8.8","192.168.1.34","QUIC","67","Protected Payload (KP0)"
"102","5.908659","192.168.1.34","192.168.1.255","UDP","86","57621  >  57621 Len=44"
"103","5.920516","192.168.1.34","8.8.8.8","QUIC","121","Handshake, DCID=806d0f456dccd318"
"104","5.920548","192.168.1.34","8.8.8.8","QUIC","75","Protected Payload (KP0), DCID=806d0f456dccd318"
"105","5.920553","192.168.1.34","8.8.8.8","QUIC","75","Protected Payload (KP0), DCID=806d0f456dccd318"
"106","5.920557","192.168.1.34","8.8.8.8","QUIC","77","Protected Payload (KP0), DCID=806d0f456dccd318"
"107","5.920560","192.168.1.34","8.8.8.8","QUIC","77","Protected Payload (KP0), DCID=806d0f456dccd318"
"108","5.920564","192.168.1.34","8.8.8.8","QUIC","75","Protected Payload (KP0), DCID=806d0f456dccd318"
"109","5.920568","192.168.1.34","35.186.224.25","QUIC","1292","Initial, DCID=c2fe6e8c19314ee8, PKN: 1, PING, CRYPTO, PADDING, PING, PING, CRYPTO, CRYPTO, PING, CRYPTO, PING, PADDING, CRYPTO, CRYPTO, CRYPTO, CRYPTO, CRYPTO, PADDING, PING, PADDING, PING"
"110","5.920572","192.168.1.34","35.186.224.25","QUIC","1292","Initial, DCID=88b929a4fb62f764, PKN: 1, PADDING, CRYPTO, CRYPTO, PADDING"
"111","5.940224","8.8.8.8","192.168.1.34","QUIC","162","Protected Payload (KP0)"
"112","5.940224","8.8.8.8","192.168.1.34","QUIC","67","Protected Payload (KP0)"
"113","5.955262","35.186.224.25","192.168.1.34","QUIC","1292","Protected Payload (KP0)"
"114","5.957457","35.186.224.25","192.168.1.34","QUIC","1292","Protected Payload (KP0)"
"115","5.966549","192.168.1.34","35.186.224.25","UDP","1288","58714  >  443 Len=1246"
"116","5.966592","192.168.1.34","35.186.224.25","UDP","746","58714  >  443 Len=704"
"117","5.966605","192.168.1.34","35.186.224.25","UDP","145","58714  >  443 Len=103"
"118","5.983420","35.186.224.25","192.168.1.34","UDP","69","443  >  58714 Len=27"
"119","5.983420","35.186.224.25","192.168.1.34","UDP","67","443  >  58714 Len=25"
"120","5.983420","35.186.224.25","192.168.1.34","UDP","67","443  >  58714 Len=25"
"121","5.996586","192.168.1.34","35.186.224.25","QUIC","208","Protected Payload (KP0), DCID=88b929a4fb62f764"
"122","5.996626","192.168.1.34","35.186.224.25","QUIC","201","Protected Payload (KP0), DCID=c2fe6e8c19314ee8"
"123","5.996635","192.168.1.34","35.186.224.25","QUIC","1288","Protected Payload (KP0), DCID=88b929a4fb62f764"
"124","5.996642","192.168.1.34","35.186.224.25","QUIC","534","Protected Payload (KP0), DCID=88b929a4fb62f764"
"125","5.996664","192.168.1.34","35.186.224.25","QUIC","1288","Protected Payload (KP0), DCID=c2fe6e8c19314ee8"
"126","5.996668","192.168.1.34","35.186.224.25","QUIC","94","Protected Payload (KP0), DCID=c2fe6e8c19314ee8"
"127","5.996671","192.168.1.34","8.8.8.8","QUIC","75","Protected Payload (KP0), DCID=806d0f456dccd318"
"128","6.013410","35.186.224.25","192.168.1.34","QUIC","560","Protected Payload (KP0)"
"129","6.013410","35.186.224.25","192.168.1.34","QUIC","163","Protected Payload (KP0)"
"130","6.013410","35.186.224.25","192.168.1.34","QUIC","69","Protected Payload (KP0)"
"131","6.015498","35.186.224.25","192.168.1.34","QUIC","560","Protected Payload (KP0)"
"132","6.015498","35.186.224.25","192.168.1.34","QUIC","163","Protected Payload (KP0)"
"133","6.015498","35.186.224.25","192.168.1.34","QUIC","67","Protected Payload (KP0)"
"134","6.015498","35.186.224.25","192.168.1.34","QUIC","67","Protected Payload (KP0)"
"135","6.020128","35.186.224.25","192.168.1.34","UDP","247","443  >  58714 Len=205"
"136","6.038328","35.186.224.25","192.168.1.34","QUIC","67","Protected Payload (KP0)"
"137","6.043686","192.168.1.34","35.186.224.25","UDP","75","58714  >  443 Len=33"
"138","6.043958","35.186.224.25","192.168.1.34","UDP","1288","443  >  58714 Len=1246"
"139","6.043958","35.186.224.25","192.168.1.34","UDP","437","443  >  58714 Len=395"
"140","6.058698","192.168.1.34","35.186.224.25","QUIC","75","Protected Payload (KP0), DCID=88b929a4fb62f764"
"141","6.058722","192.168.1.34","35.186.224.25","QUIC","75","Protected Payload (KP0), DCID=c2fe6e8c19314ee8"
"142","6.058726","192.168.1.34","35.186.224.25","UDP","77","58714  >  443 Len=35"
"143","6.089655","192.168.1.34","35.186.224.25","QUIC","75","Protected Payload (KP0), DCID=88b929a4fb62f764"
"144","6.089678","192.168.1.34","35.186.224.25","QUIC","75","Protected Payload (KP0), DCID=c2fe6e8c19314ee8"
"145","6.089684","192.168.1.34","35.186.224.25","UDP","239","58714  >  443 Len=197"
"146","6.089691","192.168.1.34","35.186.224.25","UDP","77","58714  >  443 Len=35"
"147","6.089696","192.168.1.34","35.186.224.25","UDP","1288","58714  >  443 Len=1246"
"148","6.089702","192.168.1.34","35.186.224.25","UDP","723","58714  >  443 Len=681"
"149","6.098895","35.186.224.25","192.168.1.34","UDP","67","443  >  58714 Len=25"
"150","6.105828","35.186.224.25","192.168.1.34","UDP","69","443  >  58714 Len=27"
"151","6.105828","35.186.224.25","192.168.1.34","UDP","69","443  >  58714 Len=27"
"152","6.130874","35.186.224.25","192.168.1.34","UDP","67","443  >  58714 Len=25"
"153","6.144928","35.186.224.25","192.168.1.34","QUIC","420","Protected Payload (KP0)"
"154","6.150064","192.168.1.34","35.186.224.25","UDP","75","58714  >  443 Len=33"
"155","6.152118","35.186.224.25","192.168.1.34","UDP","439","443  >  58714 Len=397"
"156","6.165136","192.168.1.34","35.186.224.25","QUIC","77","Protected Payload (KP0), DCID=88b929a4fb62f764"
"157","6.165174","192.168.1.34","35.186.224.25","QUIC","1288","Protected Payload (KP0), DCID=88b929a4fb62f764"
"158","6.165184","192.168.1.34","35.186.224.25","QUIC","406","Protected Payload (KP0), DCID=88b929a4fb62f764"
"159","6.180350","35.186.224.25","192.168.1.34","QUIC","67","Protected Payload (KP0)"
"160","6.180350","35.186.224.25","192.168.1.34","QUIC","69","Protected Payload (KP0)"
"161","6.195728","192.168.1.34","35.186.224.25","UDP","77","58714  >  443 Len=35"
"162","6.237296","35.186.224.25","192.168.1.34","UDP","67","443  >  58714 Len=25"
"163","6.242118","192.168.1.34","35.186.224.25","QUIC","75","Protected Payload (KP0), DCID=88b929a4fb62f764"
"164","6.279054","35.186.224.25","192.168.1.34","QUIC","200","Protected Payload (KP0)"
"165","6.320106","192.168.1.34","35.186.224.25","QUIC","77","Protected Payload (KP0), DCID=88b929a4fb62f764"
"166","6.359847","35.186.224.25","192.168.1.34","QUIC","67","Protected Payload (KP0)"
"167","6.444894","192.168.1.34","239.255.255.250","SSDP","217","M-SEARCH * HTTP/1.1 "
"168","6.454694","192.168.1.231","192.168.1.34","UDP","561","45468  >  50983 Len=519"
"169","6.456953","192.168.1.212","192.168.1.34","UDP","562","46689  >  50983 Len=520"
"170","6.695794","35.186.224.25","192.168.1.34","QUIC","1288","Protected Payload (KP0)"
"171","6.696995","35.186.224.25","192.168.1.34","QUIC","1292","Protected Payload (KP0)"
"172","6.696995","35.186.224.25","192.168.1.34","QUIC","1292","Protected Payload (KP0)"
"173","6.696995","35.186.224.25","192.168.1.34","QUIC","1040","Protected Payload (KP0)"
"174","6.696995","35.186.224.25","192.168.1.34","QUIC","1287","Protected Payload (KP0)"
"175","6.696995","35.186.224.25","192.168.1.34","QUIC","1292","Protected Payload (KP0)"
"176","6.697028","35.186.224.25","192.168.1.34","QUIC","1292","Protected Payload (KP0)"
"177","6.697028","35.186.224.25","192.168.1.34","QUIC","484","Protected Payload (KP0)"
"178","6.697028","35.186.224.25","192.168.1.34","QUIC","1287","Protected Payload (KP0)"
"179","6.697028","35.186.224.25","192.168.1.34","QUIC","1292","Protected Payload (KP0)"
"180","6.697531","35.186.224.25","192.168.1.34","QUIC","1292","Protected Payload (KP0)"
"181","6.698125","35.186.224.25","192.168.1.34","QUIC","1292","Protected Payload (KP0)"
"182","6.699738","35.186.224.25","192.168.1.34","QUIC","1292","Protected Payload (KP0)"
"183","6.699738","35.186.224.25","192.168.1.34","QUIC","1292","Protected Payload (KP0)"
"184","6.703965","35.186.224.25","192.168.1.34","QUIC","1292","Protected Payload (KP0)"
"185","6.704740","35.186.224.25","192.168.1.34","QUIC","1292","Protected Payload (KP0)"
"186","6.705759","35.186.224.25","192.168.1.34","QUIC","811","Protected Payload (KP0)"
"187","6.741055","192.168.1.34","35.186.224.25","QUIC","77","Protected Payload (KP0), DCID=c2fe6e8c19314ee8"
"188","6.741083","192.168.1.34","35.186.224.25","QUIC","75","Protected Payload (KP0), DCID=c2fe6e8c19314ee8"
"189","6.741089","192.168.1.34","35.186.224.25","QUIC","75","Protected Payload (KP0), DCID=c2fe6e8c19314ee8"
"190","6.741094","192.168.1.34","35.186.224.25","QUIC","75","Protected Payload (KP0), DCID=c2fe6e8c19314ee8"
"191","6.741098","192.168.1.34","35.186.224.25","QUIC","75","Protected Payload (KP0), DCID=c2fe6e8c19314ee8"
"192","6.741103","192.168.1.34","35.186.224.25","QUIC","75","Protected Payload (KP0), DCID=c2fe6e8c19314ee8"
"193","6.741108","192.168.1.34","35.186.224.25","QUIC","75","Protected Payload (KP0), DCID=c2fe6e8c19314ee8"
"194","6.741113","192.168.1.34","35.186.224.25","QUIC","75","Protected Payload (KP0), DCID=c2fe6e8c19314ee8"
"195","6.741117","192.168.1.34","35.186.224.25","QUIC","75","Protected Payload (KP0), DCID=c2fe6e8c19314ee8"
"196","6.785164","35.186.224.25","192.168.1.34","QUIC","67","Protected Payload (KP0)"
"197","6.858207","192.0.78.22","192.168.1.34","TLSv1.2","93","Application Data"
"198","6.858207","192.0.78.22","192.168.1.34","TLSv1.2","78","Application Data"
"199","6.859180","192.0.78.22","192.168.1.34","TCP","60","443  >  50065 [FIN, ACK] Seq=64 Ack=1 Win=65 Len=0"
"200","6.881133","192.168.1.34","192.0.78.22","TCP","54","50065  >  443 [ACK] Seq=1 Ack=64 Win=1025 Len=0"
"201","6.881151","192.168.1.34","192.0.78.22","TCP","54","50065  >  443 [ACK] Seq=1 Ack=65 Win=1025 Len=0"
"202","6.881156","192.168.1.34","192.0.78.22","TCP","54","50065  >  443 [FIN, ACK] Seq=1 Ack=65 Win=1025 Len=0"
"203","6.896959","192.0.78.22","192.168.1.34","TCP","60","443  >  50065 [ACK] Seq=65 Ack=2 Win=65 Len=0"
"204","7.174613","192.168.1.34","202.39.224.7","ICMP","58","Echo (ping) request  id=0x0001, seq=57083/64478, ttl=255 (no response found!)"
"205","7.391211","192.168.1.34","192.168.1.231","TCP","164","49733  >  8009 [PSH, ACK] Seq=111 Ack=111 Win=1023 Len=110 [TCP segment of a reassembled PDU]"
"206","7.391319","192.168.1.34","192.168.1.212","TCP","164","49732  >  8009 [PSH, ACK] Seq=111 Ack=111 Win=1021 Len=110 [TCP segment of a reassembled PDU]"
"207","7.400141","192.168.1.231","192.168.1.34","TCP","164","8009  >  49733 [PSH, ACK] Seq=111 Ack=221 Win=296 Len=110 [TCP segment of a reassembled PDU]"
"208","7.445963","192.168.1.212","192.168.1.34","TCP","164","8009  >  49732 [PSH, ACK] Seq=111 Ack=221 Win=296 Len=110 [TCP segment of a reassembled PDU]"
"209","7.453158","192.168.1.34","192.168.1.231","TCP","54","49733  >  8009 [ACK] Seq=221 Ack=221 Win=1022 Len=0"
"210","7.468639","192.168.1.34","239.255.255.250","SSDP","217","M-SEARCH * HTTP/1.1 "
"211","7.474447","192.168.1.231","192.168.1.34","UDP","561","58406  >  50983 Len=519"
"212","7.476610","192.168.1.212","192.168.1.34","UDP","562","54732  >  50983 Len=520"
"213","7.499818","192.168.1.34","192.168.1.212","TCP","54","49732  >  8009 [ACK] Seq=221 Ack=221 Win=1021 Len=0"
"214","8.044323","192.168.1.34","142.250.180.174","UDP","76","49567  >  443 Len=34"
"215","8.063888","142.250.180.174","192.168.1.34","UDP","68","443  >  49567 Len=26"
"216","8.466509","192.168.1.34","239.255.255.250","SSDP","217","M-SEARCH * HTTP/1.1 "
"217","8.472947","192.168.1.231","192.168.1.34","UDP","561","54120  >  50983 Len=519"
"218","8.494017","192.168.1.212","192.168.1.34","UDP","562","53912  >  50983 Len=520"
"219","8.916946","192.168.1.34","192.168.1.255","UDP","86","57621  >  57621 Len=44"
"220","9.735210","Technico_ce:84:18","Broadcast","ARP","60","Who has 192.168.1.231? Tell 192.168.1.1"
"221","9.789339","192.168.1.34","192.168.1.212","TCP","164","49926  >  8009 [PSH, ACK] Seq=111 Ack=111 Win=1023 Len=110 [TCP segment of a reassembled PDU]"
"222","9.797990","192.168.1.212","192.168.1.34","TCP","164","8009  >  49926 [PSH, ACK] Seq=111 Ack=221 Win=312 Len=110 [TCP segment of a reassembled PDU]"
"223","9.851040","192.168.1.34","192.168.1.212","TCP","54","49926  >  8009 [ACK] Seq=221 Ack=221 Win=1023 Len=0"
"224","9.927751","192.168.1.34","170.114.2.50","TLSv1.2","271","Application Data"
"225","10.032306","170.114.2.50","192.168.1.34","TLSv1.2","249","Application Data"
"226","10.113520","192.168.1.34","170.114.2.50","TCP","54","49757  >  443 [ACK] Seq=218 Ack=196 Win=1022 Len=0"
"227","10.175911","192.168.1.34","202.39.224.7","ICMP","58","Echo (ping) request  id=0x0001, seq=57084/64734, ttl=255 (no response found!)"
"228","10.270899","192.168.1.34","192.168.1.231","TCP","164","49927  >  8009 [PSH, ACK] Seq=221 Ack=221 Win=1023 Len=110 [TCP segment of a reassembled PDU]"
"229","10.277141","192.168.1.231","192.168.1.34","TCP","164","8009  >  49927 [PSH, ACK] Seq=221 Ack=331 Win=312 Len=110 [TCP segment of a reassembled PDU]"
"230","10.332777","192.168.1.34","192.168.1.231","TCP","54","49927  >  8009 [ACK] Seq=331 Ack=331 Win=1022 Len=0"
"231","10.759957","192.168.1.34","35.186.224.25","QUIC","1261","Protected Payload (KP0), DCID=88b929a4fb62f764"
"232","10.779639","35.186.224.25","192.168.1.34","QUIC","69","Protected Payload (KP0)"
"233","10.826170","35.186.224.25","192.168.1.34","QUIC","191","Protected Payload (KP0)"
"234","10.837552","192.168.1.34","35.186.224.25","QUIC","75","Protected Payload (KP0), DCID=88b929a4fb62f764"
"235","10.884331","192.168.1.34","35.186.224.25","QUIC","77","Protected Payload (KP0), DCID=88b929a4fb62f764"
"236","10.924344","35.186.224.25","192.168.1.34","QUIC","67","Protected Payload (KP0)"
"237","10.947714","192.168.1.34","239.255.255.250","SSDP","212","M-SEARCH * HTTP/1.1 "
"238","10.955818","192.168.1.231","192.168.1.34","UDP","561","35405  >  59846 Len=519"
"239","10.958725","192.168.1.212","192.168.1.34","UDP","562","38222  >  59846 Len=520"
"240","11.041219","192.168.1.34","35.186.224.25","UDP","1222","58714  >  443 Len=1180"
"241","11.061930","35.186.224.25","192.168.1.34","UDP","69","443  >  58714 Len=27"
"242","11.134068","192.168.1.34","35.186.224.25","UDP","75","58714  >  443 Len=33"
"243","11.149486","35.186.224.25","192.168.1.34","UDP","461","443  >  58714 Len=419"
"244","11.199633","35.186.224.25","192.168.1.34","UDP","77","443  >  58714 Len=35"
"245","11.211455","192.168.1.34","35.186.224.25","UDP","77","58714  >  443 Len=35"
"246","11.211483","192.168.1.34","35.186.224.25","UDP","1288","58714  >  443 Len=1246"
"247","11.211489","192.168.1.34","35.186.224.25","UDP","718","58714  >  443 Len=676"
"248","11.228107","35.186.224.25","192.168.1.34","UDP","69","443  >  58714 Len=27"
"249","11.240887","192.168.1.34","35.186.224.25","UDP","77","58714  >  443 Len=35"
"250","11.253392","35.186.224.25","192.168.1.34","UDP","67","443  >  58714 Len=25"
"251","11.283693","35.186.224.25","192.168.1.34","UDP","67","443  >  58714 Len=25"
"252","11.301835","192.168.1.34","35.186.224.25","UDP","75","58714  >  443 Len=33"
"253","11.641858","192.168.1.34","8.8.8.8","TCP","55","50031  >  443 [ACK] Seq=1 Ack=1 Win=1022 Len=1 [TCP segment of a reassembled PDU]"
"254","11.641912","192.168.1.34","185.199.108.154","TCP","55","49975  >  443 [ACK] Seq=1 Ack=1 Win=1024 Len=1 [TCP segment of a reassembled PDU]"
"255","11.655457","8.8.8.8","192.168.1.34","TCP","60","443  >  50031 [RST] Seq=1 Win=0 Len=0"
"256","11.657491","185.199.108.154","192.168.1.34","TCP","66","443  >  49975 [ACK] Seq=1 Ack=2 Win=274 Len=0 SLE=1 SRE=2"
"257","11.954562","192.168.1.34","239.255.255.250","SSDP","212","M-SEARCH * HTTP/1.1 "
"258","11.961857","192.168.1.231","192.168.1.34","UDP","561","50552  >  59846 Len=519"
"259","11.972947","192.168.1.212","192.168.1.34","UDP","562","37819  >  59846 Len=520"
"260","12.409663","192.168.1.34","192.168.1.231","TCP","164","49733  >  8009 [PSH, ACK] Seq=221 Ack=221 Win=1022 Len=110 [TCP segment of a reassembled PDU]"
"261","12.412433","35.186.224.25","192.168.1.34","UDP","263","443  >  58714 Len=221"
"262","12.420195","192.168.1.231","192.168.1.34","TCP","164","8009  >  49733 [PSH, ACK] Seq=221 Ack=331 Win=296 Len=110 [TCP segment of a reassembled PDU]"
"263","12.454789","192.168.1.34","192.168.1.212","TCP","164","49732  >  8009 [PSH, ACK] Seq=221 Ack=221 Win=1021 Len=110 [TCP segment of a reassembled PDU]"
"264","12.463720","192.168.1.212","192.168.1.34","TCP","164","8009  >  49732 [PSH, ACK] Seq=221 Ack=331 Win=296 Len=110 [TCP segment of a reassembled PDU]"
"265","12.469343","192.168.1.34","192.168.1.231","TCP","54","49733  >  8009 [ACK] Seq=331 Ack=331 Win=1022 Len=0"
"266","12.469365","192.168.1.34","35.186.224.25","UDP","77","58714  >  443 Len=35"
"267","12.509447","35.186.224.25","192.168.1.34","UDP","67","443  >  58714 Len=25"
"268","12.514561","192.168.1.34","192.168.1.212","TCP","54","49732  >  8009 [ACK] Seq=331 Ack=331 Win=1020 Len=0"
"269","12.968021","192.168.1.34","239.255.255.250","SSDP","212","M-SEARCH * HTTP/1.1 "
"270","12.975078","192.168.1.231","192.168.1.34","UDP","561","52662  >  59846 Len=519"
"271","12.982157","192.168.1.212","192.168.1.34","UDP","562","43833  >  59846 Len=520"
"272","13.168853","192.168.1.34","202.39.224.7","ICMP","58","Echo (ping) request  id=0x0001, seq=57085/64990, ttl=255 (no response found!)"
"273","13.978092","192.168.1.34","239.255.255.250","SSDP","212","M-SEARCH * HTTP/1.1 "
"274","13.988119","192.168.1.231","192.168.1.34","UDP","561","33777  >  59846 Len=519"
"275","13.988983","192.168.1.212","192.168.1.34","UDP","562","58036  >  59846 Len=520"
"276","14.504068","142.250.180.174","192.168.1.34","UDP","80","443  >  49567 Len=38"
"277","14.508667","192.168.1.34","142.250.180.174","UDP","76","49567  >  443 Len=34"
"278","14.529289","142.250.180.174","192.168.1.34","UDP","68","443  >  49567 Len=26"
"279","14.539741","192.168.1.34","142.250.180.174","UDP","76","49567  >  443 Len=34"
"280","14.788062","192.168.1.34","142.250.180.174","UDP","76","49567  >  443 Len=34"
"281","14.803064","192.168.1.34","192.168.1.212","TCP","164","49926  >  8009 [PSH, ACK] Seq=221 Ack=221 Win=1023 Len=110 [TCP segment of a reassembled PDU]"
"282","14.811903","142.250.180.174","192.168.1.34","UDP","68","443  >  49567 Len=26"
"283","14.813281","192.168.1.212","192.168.1.34","TCP","164","8009  >  49926 [PSH, ACK] Seq=221 Ack=331 Win=312 Len=110 [TCP segment of a reassembled PDU]"
"284","14.865666","192.168.1.34","192.168.1.212","TCP","54","49926  >  8009 [ACK] Seq=331 Ack=331 Win=1022 Len=0"
"285","15.021150","192.168.1.34","142.250.180.174","UDP","246","49567  >  443 Len=204"
"286","15.035645","142.250.180.174","192.168.1.34","UDP","74","443  >  49567 Len=32"
"287","15.037931","142.250.180.174","192.168.1.34","UDP","1287","443  >  49567 Len=1245"
"288","15.037931","142.250.180.174","192.168.1.34","UDP","1292","443  >  49567 Len=1250"
"289","15.037931","142.250.180.174","192.168.1.34","UDP","1292","443  >  49567 Len=1250"
"290","15.037931","142.250.180.174","192.168.1.34","UDP","1292","443  >  49567 Len=1250"
"291","15.037931","142.250.180.174","192.168.1.34","UDP","1292","443  >  49567 Len=1250"
"292","15.037931","142.250.180.174","192.168.1.34","UDP","1292","443  >  49567 Len=1250"
"293","15.037931","142.250.180.174","192.168.1.34","UDP","1292","443  >  49567 Len=1250"
"294","15.037931","142.250.180.174","192.168.1.34","UDP","1292","443  >  49567 Len=1250"
"295","15.037931","142.250.180.174","192.168.1.34","UDP","1292","443  >  49567 Len=1250"
"296","15.037931","142.250.180.174","192.168.1.34","UDP","1292","443  >  49567 Len=1250"
"297","15.037960","142.250.180.174","192.168.1.34","UDP","1292","443  >  49567 Len=1250"
"298","15.038606","142.250.180.174","192.168.1.34","UDP","1292","443  >  49567 Len=1250"
"299","15.038606","142.250.180.174","192.168.1.34","UDP","1292","443  >  49567 Len=1250"
"300","15.038606","142.250.180.174","192.168.1.34","UDP","1292","443  >  49567 Len=1250"
"301","15.038606","142.250.180.174","192.168.1.34","UDP","1292","443  >  49567 Len=1250"
"302","15.041251","142.250.180.174","192.168.1.34","UDP","1292","443  >  49567 Len=1250"
"303","15.041251","142.250.180.174","192.168.1.34","UDP","1292","443  >  49567 Len=1250"
"304","15.041251","142.250.180.174","192.168.1.34","UDP","1292","443  >  49567 Len=1250"
"305","15.041251","142.250.180.174","192.168.1.34","UDP","1292","443  >  49567 Len=1250"
"306","15.043235","142.250.180.174","192.168.1.34","UDP","1292","443  >  49567 Len=1250"
"307","15.043235","142.250.180.174","192.168.1.34","UDP","1292","443  >  49567 Len=1250"
"308","15.044395","142.250.180.174","192.168.1.34","UDP","1292","443  >  49567 Len=1250"
"309","15.044395","142.250.180.174","192.168.1.34","UDP","1292","443  >  49567 Len=1250"
"310","15.046248","142.250.180.174","192.168.1.34","UDP","1292","443  >  49567 Len=1250"
"311","15.046248","142.250.180.174","192.168.1.34","UDP","1292","443  >  49567 Len=1250"
"312","15.046248","142.250.180.174","192.168.1.34","UDP","1292","443  >  49567 Len=1250"
"313","15.046248","142.250.180.174","192.168.1.34","UDP","1292","443  >  49567 Len=1250"
"314","15.048448","142.250.180.174","192.168.1.34","UDP","1292","443  >  49567 Len=1250"
"315","15.048448","142.250.180.174","192.168.1.34","UDP","1292","443  >  49567 Len=1250"
"316","15.048448","142.250.180.174","192.168.1.34","UDP","1292","443  >  49567 Len=1250"
"317","15.048448","142.250.180.174","192.168.1.34","UDP","1292","443  >  49567 Len=1250"
"318","15.051377","142.250.180.174","192.168.1.34","UDP","1292","443  >  49567 Len=1250"
"319","15.051377","142.250.180.174","192.168.1.34","UDP","1292","443  >  49567 Len=1250"
"320","15.053802","142.250.180.174","192.168.1.34","UDP","1292","443  >  49567 Len=1250"
"321","15.053802","142.250.180.174","192.168.1.34","UDP","1292","443  >  49567 Len=1250"
"322","15.053802","142.250.180.174","192.168.1.34","UDP","1292","443  >  49567 Len=1250"
"323","15.053802","142.250.180.174","192.168.1.34","UDP","1292","443  >  49567 Len=1250"
"324","15.054315","142.250.180.174","192.168.1.34","UDP","1292","443  >  49567 Len=1250"
"325","15.054315","142.250.180.174","192.168.1.34","UDP","1292","443  >  49567 Len=1250"
"326","15.055382","142.250.180.174","192.168.1.34","UDP","1292","443  >  49567 Len=1250"
"327","15.055382","142.250.180.174","192.168.1.34","UDP","697","443  >  49567 Len=655"
"328","15.083368","192.168.1.34","142.250.180.174","UDP","82","49567  >  443 Len=40"
"329","15.083397","192.168.1.34","142.250.180.174","UDP","76","49567  >  443 Len=34"
"330","15.083403","192.168.1.34","142.250.180.174","UDP","76","49567  >  443 Len=34"
"331","15.083408","192.168.1.34","142.250.180.174","UDP","76","49567  >  443 Len=34"
"332","15.083413","192.168.1.34","142.250.180.174","UDP","76","49567  >  443 Len=34"
"333","15.105237","142.250.180.174","192.168.1.34","UDP","68","443  >  49567 Len=26"
"334","15.114052","192.168.1.34","142.250.180.174","UDP","76","49567  >  443 Len=34"
"335","15.287915","192.168.1.34","192.168.1.231","TCP","164","49927  >  8009 [PSH, ACK] Seq=331 Ack=331 Win=1022 Len=110 [TCP segment of a reassembled PDU]"
"336","15.294982","192.168.1.231","192.168.1.34","TCP","164","8009  >  49927 [PSH, ACK] Seq=331 Ack=441 Win=312 Len=110 [TCP segment of a reassembled PDU]"
"337","15.350651","192.168.1.34","192.168.1.231","TCP","54","49927  >  8009 [ACK] Seq=441 Ack=441 Win=1022 Len=0"
"338","15.365873","192.168.1.34","142.250.180.174","UDP","76","49567  >  443 Len=34"
"339","15.384899","142.250.180.174","192.168.1.34","UDP","68","443  >  49567 Len=26"
"340","15.490033","192.168.1.34","52.109.68.59","TCP","54","50105  >  443 [RST, ACK] Seq=1 Ack=1 Win=0 Len=0"
"341","15.490057","192.168.1.34","52.113.194.132","TCP","54","50104  >  443 [RST, ACK] Seq=1 Ack=1 Win=0 Len=0"
"342","15.490065","192.168.1.34","52.109.68.59","TCP","54","50103  >  443 [RST, ACK] Seq=1 Ack=1 Win=0 Len=0"
"343","15.490070","192.168.1.34","52.109.76.0","TCP","54","50112  >  443 [RST, ACK] Seq=1 Ack=1 Win=0 Len=0"
"344","15.490074","192.168.1.34","52.113.194.132","TCP","54","50111  >  443 [RST, ACK] Seq=1 Ack=1 Win=0 Len=0"
"345","15.490079","192.168.1.34","52.113.194.132","TCP","54","50110  >  443 [RST, ACK] Seq=1 Ack=1 Win=0 Len=0"
"346","15.490083","192.168.1.34","2.20.201.71","TCP","54","50113  >  443 [RST, ACK] Seq=1 Ack=1 Win=0 Len=0"
"347","15.490088","192.168.1.34","2.20.201.71","TCP","54","50114  >  443 [RST, ACK] Seq=1 Ack=1 Win=0 Len=0"
"348","15.490093","192.168.1.34","2.20.201.71","TCP","54","50115  >  443 [RST, ACK] Seq=1 Ack=1 Win=0 Len=0"
"349","15.658253","192.168.1.34","142.250.180.174","UDP","76","49567  >  443 Len=34"
"350","15.677882","142.250.180.174","192.168.1.34","UDP","68","443  >  49567 Len=26"
"351","15.921046","192.168.1.34","142.250.180.174","UDP","76","49567  >  443 Len=34"
"352","15.941011","142.250.180.174","192.168.1.34","UDP","68","443  >  49567 Len=26"
"353","16.044439","192.168.1.34","157.240.231.60","TLSv1.2","123","Application Data"
"354","16.051224","157.240.231.60","192.168.1.34","TCP","60","443  >  49781 [ACK] Seq=1 Ack=70 Win=534 Len=0"
"355","16.108813","157.240.231.60","192.168.1.34","TLSv1.2","125","Application Data"
"356","16.169288","192.168.1.34","202.39.224.7","ICMP","58","Echo (ping) request  id=0x0001, seq=57086/65246, ttl=255 (no response found!)"
"357","16.184020","192.168.1.34","157.240.231.60","TCP","54","49781  >  443 [ACK] Seq=70 Ack=72 Win=1027 Len=0"
"358","16.184051","192.168.1.34","142.250.180.174","UDP","76","49567  >  443 Len=34"
"359","16.203905","142.250.180.174","192.168.1.34","UDP","68","443  >  49567 Len=26"
"360","16.432528","192.168.1.34","2.21.14.131","TCP","55","49830  >  443 [ACK] Seq=1 Ack=1 Win=1026 Len=1 [TCP segment of a reassembled PDU]"
"361","16.447573","2.21.14.131","192.168.1.34","TCP","66","443  >  49830 [ACK] Seq=1 Ack=2 Win=501 Len=0 SLE=1 SRE=2"
"362","16.461989","192.168.1.34","142.250.180.174","UDP","76","49567  >  443 Len=34"
"363","16.484441","142.250.180.174","192.168.1.34","UDP","68","443  >  49567 Len=26"
"364","16.729600","192.168.1.34","142.250.180.174","UDP","76","49567  >  443 Len=34"
"365","16.750412","142.250.180.174","192.168.1.34","UDP","68","443  >  49567 Len=26"
"366","17.213489","192.168.1.34","142.250.180.174","UDP","76","49567  >  443 Len=34"
"367","17.233625","142.250.180.174","192.168.1.34","UDP","68","443  >  49567 Len=26"
"368","17.431304","192.168.1.34","192.168.1.231","TCP","164","49733  >  8009 [PSH, ACK] Seq=331 Ack=331 Win=1022 Len=110 [TCP segment of a reassembled PDU]"
"369","17.441064","192.168.1.231","192.168.1.34","TCP","164","8009  >  49733 [PSH, ACK] Seq=331 Ack=441 Win=296 Len=110 [TCP segment of a reassembled PDU]"
"370","17.477802","192.168.1.34","192.168.1.212","TCP","164","49732  >  8009 [PSH, ACK] Seq=331 Ack=331 Win=1020 Len=110 [TCP segment of a reassembled PDU]"
"371","17.482674","192.168.1.212","192.168.1.34","TCP","164","8009  >  49732 [PSH, ACK] Seq=331 Ack=441 Win=296 Len=110 [TCP segment of a reassembled PDU]"
"372","17.493001","192.168.1.34","192.168.1.231","TCP","54","49733  >  8009 [ACK] Seq=441 Ack=441 Win=1021 Len=0"
"373","17.523930","192.168.1.34","192.168.1.212","TCP","54","49732  >  8009 [ACK] Seq=441 Ack=441 Win=1026 Len=0"
"374","17.831010","34.158.0.131","192.168.1.34","TCP","65","4070  >  49939 [PSH, ACK] Seq=1 Ack=1 Win=16 Len=11"
"375","17.926955","192.168.1.34","34.158.0.131","TCP","54","49939  >  4070 [ACK] Seq=1 Ack=12 Win=1023 Len=0"
"376","18.099545","192.168.1.34","142.250.180.174","UDP","76","49567  >  443 Len=34"
"377","18.122522","142.250.180.174","192.168.1.34","UDP","68","443  >  49567 Len=26"
"378","19.175552","192.168.1.34","202.39.224.7","ICMP","58","Echo (ping) request  id=0x0001, seq=57087/65502, ttl=255 (no response found!)"
"379","19.781235","192.168.1.34","142.250.180.174","UDP","76","49567  >  443 Len=34"
"380","19.803266","142.250.180.174","192.168.1.34","UDP","68","443  >  49567 Len=26"
"381","19.828114","192.168.1.34","192.168.1.212","TCP","164","49926  >  8009 [PSH, ACK] Seq=331 Ack=331 Win=1022 Len=110 [TCP segment of a reassembled PDU]"
"382","19.838042","192.168.1.212","192.168.1.34","TCP","164","8009  >  49926 [PSH, ACK] Seq=331 Ack=441 Win=312 Len=110 [TCP segment of a reassembled PDU]"
"383","19.889734","192.168.1.34","192.168.1.212","TCP","54","49926  >  8009 [ACK] Seq=441 Ack=441 Win=1022 Len=0"
"384","19.974695","Technico_ce:84:18","Broadcast","ARP","60","Who has 192.168.1.127? Tell 192.168.1.1"
"385","20.048067","192.168.1.34","142.250.180.174","UDP","248","49567  >  443 Len=206"
"386","20.063470","142.250.180.174","192.168.1.34","UDP","74","443  >  49567 Len=32"
"387","20.065683","142.250.180.174","192.168.1.34","UDP","1287","443  >  49567 Len=1245"
"388","20.066821","142.250.180.174","192.168.1.34","UDP","1292","443  >  49567 Len=1250"
"389","20.066821","142.250.180.174","192.168.1.34","UDP","1292","443  >  49567 Len=1250"
"390","20.066821","142.250.180.174","192.168.1.34","UDP","1292","443  >  49567 Len=1250"
"391","20.066821","142.250.180.174","192.168.1.34","UDP","1292","443  >  49567 Len=1250"
"392","20.066821","142.250.180.174","192.168.1.34","UDP","1292","443  >  49567 Len=1250"
"393","20.066821","142.250.180.174","192.168.1.34","UDP","1292","443  >  49567 Len=1250"
"394","20.068027","142.250.180.174","192.168.1.34","UDP","1292","443  >  49567 Len=1250"
"395","20.068027","142.250.180.174","192.168.1.34","UDP","1292","443  >  49567 Len=1250"
"396","20.068027","142.250.180.174","192.168.1.34","UDP","1292","443  >  49567 Len=1250"
"397","20.068027","142.250.180.174","192.168.1.34","UDP","1292","443  >  49567 Len=1250"
"398","20.068027","142.250.180.174","192.168.1.34","UDP","1292","443  >  49567 Len=1250"
"399","20.068027","142.250.180.174","192.168.1.34","UDP","1292","443  >  49567 Len=1250"
"400","20.068761","142.250.180.174","192.168.1.34","UDP","1292","443  >  49567 Len=1250"
"401","20.068761","142.250.180.174","192.168.1.34","UDP","1292","443  >  49567 Len=1250"
"402","20.069418","142.250.180.174","192.168.1.34","UDP","1292","443  >  49567 Len=1250"
"403","20.069418","142.250.180.174","192.168.1.34","UDP","1292","443  >  49567 Len=1250"
"404","20.070946","142.250.180.174","192.168.1.34","UDP","1292","443  >  49567 Len=1250"
"405","20.073073","142.250.180.174","192.168.1.34","UDP","1292","443  >  49567 Len=1250"
"406","20.073073","142.250.180.174","192.168.1.34","UDP","1292","443  >  49567 Len=1250"
"407","20.073073","142.250.180.174","192.168.1.34","UDP","1292","443  >  49567 Len=1250"
"408","20.073823","142.250.180.174","192.168.1.34","UDP","1292","443  >  49567 Len=1250"
"409","20.073823","142.250.180.174","192.168.1.34","UDP","1292","443  >  49567 Len=1250"
"410","20.074675","142.250.180.174","192.168.1.34","UDP","1217","443  >  49567 Len=1175"
"411","20.108984","192.168.1.34","142.250.180.174","UDP","82","49567  >  443 Len=40"
"412","20.109005","192.168.1.34","142.250.180.174","UDP","76","49567  >  443 Len=34"
"413","20.109011","192.168.1.34","142.250.180.174","UDP","76","49567  >  443 Len=34"
"414","20.109015","192.168.1.34","142.250.180.174","UDP","76","49567  >  443 Len=34"
"415","20.128689","142.250.180.174","192.168.1.34","UDP","68","443  >  49567 Len=26"
"416","20.310275","192.168.1.34","192.168.1.231","TCP","164","49927  >  8009 [PSH, ACK] Seq=441 Ack=441 Win=1022 Len=110 [TCP segment of a reassembled PDU]"
"417","20.316801","192.168.1.231","192.168.1.34","TCP","164","8009  >  49927 [PSH, ACK] Seq=441 Ack=551 Win=312 Len=110 [TCP segment of a reassembled PDU]"
"418","20.356915","192.168.1.34","192.168.1.231","TCP","54","49927  >  8009 [ACK] Seq=551 Ack=551 Win=1021 Len=0"
"419","20.356939","192.168.1.34","142.250.180.174","UDP","76","49567  >  443 Len=34"
"420","20.377609","142.250.180.174","192.168.1.34","UDP","68","443  >  49567 Len=26"
"421","20.482945","2.21.14.131","192.168.1.34","TLSv1.2","78","Application Data"
"422","20.483556","2.21.14.131","192.168.1.34","TCP","60","443  >  49830 [FIN, ACK] Seq=25 Ack=2 Win=501 Len=0"
"423","20.544670","192.168.1.34","2.21.14.131","TCP","54","49830  >  443 [ACK] Seq=2 Ack=26 Win=1026 Len=0"
"424","20.639678","192.168.1.34","142.250.180.174","UDP","76","49567  >  443 Len=34"
"425","20.660521","142.250.180.174","192.168.1.34","UDP","68","443  >  49567 Len=26"
"426","20.911701","192.168.1.34","142.250.180.174","UDP","76","49567  >  443 Len=34"
"427","20.932003","142.250.180.174","192.168.1.34","UDP","68","443  >  49567 Len=26"
"428","21.176644","192.168.1.34","142.250.180.174","UDP","76","49567  >  443 Len=34"
"429","21.196770","142.250.180.174","192.168.1.34","UDP","68","443  >  49567 Len=26"
"430","21.394618","192.168.1.34","172.67.75.39","TCP","55","50019  >  443 [ACK] Seq=1 Ack=1 Win=1028 Len=1 [TCP segment of a reassembled PDU]"
"431","21.408422","172.67.75.39","192.168.1.34","TCP","66","443  >  50019 [ACK] Seq=1 Ack=2 Win=8 Len=0 SLE=1 SRE=2"
"432","21.456591","192.168.1.34","142.250.180.174","UDP","76","49567  >  443 Len=34"
"433","21.478380","142.250.180.174","192.168.1.34","UDP","68","443  >  49567 Len=26"
"434","21.719584","192.168.1.34","142.250.180.174","UDP","76","49567  >  443 Len=34"
"435","21.739344","142.250.180.174","192.168.1.34","UDP","68","443  >  49567 Len=26"
"436","21.984699","Technico_ce:84:18","Broadcast","ARP","60","Who has 192.168.1.127? Tell 192.168.1.1"
"437","22.169128","192.168.1.34","35.186.224.25","UDP","1288","58714  >  443 Len=1246"
"438","22.169158","192.168.1.34","35.186.224.25","UDP","708","58714  >  443 Len=666"
"439","22.169430","192.168.1.34","202.39.224.7","ICMP","58","Echo (ping) request  id=0x0001, seq=57088/223, ttl=255 (no response found!)"
"440","22.183975","192.168.1.34","142.250.180.174","UDP","76","49567  >  443 Len=34"
"441","22.185879","35.186.224.25","192.168.1.34","UDP","69","443  >  58714 Len=27"
"442","22.204211","142.250.180.174","192.168.1.34","UDP","68","443  >  49567 Len=26"
"443","22.210877","35.186.224.25","192.168.1.34","UDP","67","443  >  58714 Len=25"
"444","22.262050","192.168.1.34","35.186.224.25","UDP","75","58714  >  443 Len=33"
"445","22.447971","192.168.1.34","192.168.1.231","TCP","164","49733  >  8009 [PSH, ACK] Seq=441 Ack=441 Win=1021 Len=110 [TCP segment of a reassembled PDU]"
